voter,txid,for,power
1f62qrQaNsFyohrgEya8oby4Y9ti3FnM8,bc446a173d0303e0b587e6ff9d41181360b6592eb7b3f6fc784786c50f353895,true,8588793183500
3Ex8cgR1w9dsePFjmRTH93PCB5H6eqE8Jf,1038eba0adf8cc09e4563aa47e6e6facf69548b1f3417a4da0d6e97852005888,true,120100000000
3H5PyQeV1wnxTHSVWq8gPSNeGPkULx89WU,d1940e06c61ec56b4eb634e37f26d01ff0e7b9d8513422175c1f52529581439d,true,25000000000000
3HswBN6NHdqRd5TbkaHyPmyQaf1ys8HLzK,a4da41955fd678b819b8815f93954ff8b0c93b3d769a253aa967877557882356,true,10000000000000
3Mew17wQmB5g6hmmt258JH43VY81JwBuzs,ffb145d48d72e39c89a70d935daac1c13c51b0883980f30700de331f20e304bf,true,703319000000
3Nfdd4fefUxqwFouSttJsLzM97kpweFYdG,7b3506aade5084f257de011b7713d370a16bc2136bb62c7d18020d445334b1be,true,14100000000000
3NvLpDoQvVemXUeQu6UfUuEgrurrGbyNnM,319410c994fb728aceee179d15ae9aeab95152b5e00a898e3e2a384c71908cf7,true,960000000000
bc1pea376es0t0zqt66e30cm9qc4d2s37s6xl6qmngpgvv5zu3z63jsq0ekwaw,dd615f566a58729653f0dde6d565b3edb9bfc22ac2eff754a4e8b3d45417c21b,true,600000000000
bc1q20hvrrhgq3d84sqd39jq0xt0gd2g38625mgpnc,de6495d27e86ff9c1f6b51cb4690761f3c90eb30685aa8445af680bf481f095f,true,9940000000000
bc1q2zmee53ern9nef9eu839wvrz0c0qyl22c9kkdz,673b782ed73f7341656a75b18c7551e8f5603d7befb4056d37227e03d9d8b9dc,true,280000000000
bc1q4tcujyp6eyu2y2w9k9v9qw9fu8jlc4ex5tse7a,5a3c8385d951ffd84c76cb2c8729e6690ebba8164b9fb708fc13b338938006bd,true,520000000000
bc1q5vaxd9q7nnsuvzn08t0uwcczclglpqpyzpe7fz,53185c982740d993effc88290c4a841963a31c627c36e4ecde163258501e7584,true,200365000000
bc1q64hg0u20t3al2wjkqgtudxj4a8vp3qj4fp930n,409ca824557237770e9aa405437484498435ae0b79eff9c040db314cfbef2566,true,938860000000
bc1q9ll6ngymkla8mnk5fq6dwlhgr3yutuxvg3whz5,d992c344f4f26181f96aa16970570663a027814ebbb701de3ef4462ddb939d39,true,19370000000000
bc1q9wr50u6xr0hysaa2e3gpzzfn23le99e7qnc8ax,aa69347ffa38f1125d7d1a652bd922fc143304296245d25199970b16c8a11131,true,183100000000
bc1qct2ftr0zmwnya89h57wcdj2hfenhtqe3vycsxf,5a37ccd71732d37fff8736239685c4f9108e0a3605b8c29eb795f3c83eb74749,true,10000000000000
bc1qjz4wafr8jslsjw9ru63hr74fcndunqqglddvl2,0ff038a5b497c9a96d41b2a7c07dd3df6df5558b6c1173f1e20d08bfc26c0b16,true,100000000000
bc1qk9dwlsk3ak0gdcfwq0ea2lgvhm9ctlqt5268yt,384dc317a66f028ab89691c4b96b5895f320600d8f716837170d59e38105e9ce,true,250069000000
bc1qkvfvltnjj4wj2vlfnlsvugazc9pqzazxdwcfwc,156e9682c7b0c984aebf14d9711706b1cd9e2fd5dc1523e1a3953c2d911c47fc,true,11290000000000
bc1qkww0zk7fw8hzpsccvydhhujdty4j0e9laukqsf,90d5b304ee73ce1f58fafd6d7f9ec631eb9be5c3fc3b2ed6e1d13983444b7fce,true,1000000000000
bc1qlmlj0utmllkysjkmjmclzhejsp3gyef8w47tad,62bb1e5a27ae20c9a5b5a6a25ee570f503d94b165304f735318c49484973494d,true,2939830000000
bc1qm0dx0zukm5xt6z35q474j0vsx0p8dfaefsnzl5,4cafe34e56fcfca2b4b10edcafd3dac0c09d17e643f67ab8eb9aff9fed805e64,true,10000000000000
bc1qryf2vj5tmd4mnj97mp5878kqyhzudx86ha55yp,acfe000ec160e9321a1ddb3e950bce121f5df234516e643b6626761688915b2d,true,9940000000000
bc1qusk6rcj9z985d8wwv264y79ektyq0h8un3qp7u,57e83df7e89038c86463d249ebe9f4220582c4bd98a1241e143494970ff5b32e,true,194649000000
bc1qvtdd89hlvgutw68kr6zezneptr9ct82er5h4uz,4d78869225f73148ea976cae57b405806e8803158d6633639fb5686810f4f5ac,true,138662000000
bc1qxsrfegpc0uavfsmgvcmapa5eur9u8340hv4d7j,e2a7a57af06f24c7289c9527abe94bae07ce7312412418d9df3686c1c66faf30,true,9940000000000
bc1qydkuyr2200yudkejkp75dvd6s5a4urxtkj4pgh,5a2092f4998bba7e325fbf0e373904479b236f9f033aa53f8e2261331a4b5d65,true,1790000000000
bc1qz76mprnuk6z79x49rt2t28syg9ujeukhx35fsl,8b3ec147f2e229f6cf9d2218e2f9bcd6896ac5c458b7b6c5b6cb074c2b84d11c,true,10000000000000