voter,txid,for,power
SP0ATPX8ZDQT2SZE61EGC4GVSY4MN6G17WPDKP8M,0xa5567fb74b797d818abcedcd0e60373b681f586c415eed4a33a5a6d1771f5584,true,796250000
SP102AKDP84SFS4W3GQ110CEQX66C5G3Q6KFZC5Z2,0x43bc03b88e134e2748ef5df49cf32ebcfba1bc401f7d430d6b0295cd3a194c7c,true,1960000000
SP103BZSXCX2YF8HXMN8DDP5Z46DN4A0HPRDYJXDD,0xc511aa1a7a5e3386899885fd9dbe6685be8f0e2b08c646dcab8b487308600a2b,true,103000000
SP103BZSXCX2YF8HXMN8DDP5Z46DN4A0HPRDYJXDD,0x019315113f8eaa1b0d55e93376093538a0779355ea5f135e2fd230d16e171a92,true,103000000
SP10QG2GSQBWZ0JYEEG74TDTGBH9QVC1P8NDBC3A8,0xf7e565f6026a87e5a6583fe41aa83b890586f509c37933f0d0c12eb7ed156748,true,100575000000
SP10QG2GSQBWZ0JYEEG74TDTGBH9QVC1P8NDBC3A8,0x3280e0d0c8d4e90328ee1f4375e694ec637dae2a86be954595e7db8e317f62d6,true,100575000000
SP10TRDNW4VVW85Y2F17X5EB1K90DD0XKG3WTDJMM,0xef254ec343ab87ac6576ed4507e2dce4c1b39d8825c23a7419094d53acd50350,true,4300000000
SP10Y2X7RMBZPDH64Y49KFDPG4WK3YY6QN7XE8KHD,0x21abc1f8c238b503b456d9c5b4ef4294f0e030dfc67ad75832b2a7f6737a6d19,true,25000000000
SP1108AFB9HK3RPBBW3JJ1WRJN504S09GN53NZ10Y,0x0fc690c2887cb264ab7733e93cec8892128069cbb83135d13af701fc322db41a,true,51000000000
SP114GJSNVBQBAJTKVTW1330E0BWZ9B73RQP70MYV,0x32ba4de413aaadc78dfb4584b5d553b07a3dceeeee1be42bc364d7696dab424f,true,101000000
SP11F58SSQGZNR0T2EST2BQJ9HAMF8NEXG6FQD2VW,0x377b25618c7822d6dd6d4d8b830b3b83235b5432a0706f066b777e26bad48376,true,100000000
SP11KE4D091K5P3PBTXR9AHKRXH3RV9QSTRFW3F6K,0xf054cdc8c273b0bfeca8276643fe34877d03b94523f3f130a735f8acab33a471,true,750000000
SP12MSW1HDK56NQTSJJGCE8JCT7GBWHPF6YWT65Y5,0xda9618e19b1913e282330f97cc37500c1e09624d1cf9fd8a449b351c64a3db04,true,970000000
SP12RR3Q6P9RAM5C4MJNFQ2PP17QRNNJ81VC9MEW2,0xa490b1131d4c9d20437c31382c71db617f199fc0e9e136bfb694a94706b395a4,true,100000000
SP12W70BZD2M0PXA4SW1BY3XM23NGEXKQQJBH6EFH,0xfc876e73d4f446584f81a1afae774286048c2084c94286dc1acc089772ae1939,true,70000000000
SP135TAMFCYQV1MDG4PAMJSJ71X1FR6YKCCFFAWC1,0x2e1e27e03ad9e14e0de536d8fcfb52ad8a2ec88c4ca295605fa31497cff418fb,true,104000000
SP146MG3EG62ZXJ9QK1Q3CWAE21CG92VHTJ435VCW,0x67c17f86af14487b802bb9deb6f5e3809501febe3e5b7b46d1ebbb1f2b9884f4,true,340000000
SP154SFE56JQRFVHF1BZJXCM314HR7YWRQFG55BDZ,0xce22208f975ed20e8de9b13776cd0dc6a93ebfda9d6ed64346370408ed01ce1b,true,112000000
SP154XZY5HCR27KR7JH3ZN29ESGPN9SYDCSW3VMNQ,0xacf94e382317f4e77a00ad5c017d9edec4e97b74cdd08dae24cdb2900629d853,true,1000000000
SP154XZY5HCR27KR7JH3ZN29ESGPN9SYDCSW3VMNQ,0xb7382e99264d8d0a0563f77f52fdb792ac8b60dfd27d26a5f25f0682737ca3a1,true,1000000000
SP15M2JKH7KKGKT76NXS1DF0FEBQV1VMFZDBJZMAH,0x4843351f4d97941be15888cf6851bbe22bbc27c7896c891db87d712a4c68e0d3,true,101000000
SP15M881ED8JGZ5CAXTR6VM4FRH61C0SJQ3H9BAFR,0x41ba86aba9099ceba6c39bcb207023dc4d66eab7191cdbdedff88d3bce58f5cd,true,50000000
SP15RR1D8S6P859MK0HFRPND6AG0NZ5PGDEN7DZBB,0x5a985bb051aa547feef9eb72c06f17c0da188ab3b83c2252ea38a68ef5592e4e,true,4200000000
SP164EEKSKP2K6G4N97553SZTFPS33FMJ3PS1BQGT,0x4a3de18c7230a2631a910958b905a0694ba40aae3abaacb427e5bc11d8a28343,true,7200000000
SP166P1EGAGZ32N4MWSGTGDE33CWD62Z4CC6V1TJJ,0x82b614f7a7830a294a766c48678afb24a16598a2c74f00048ccc6cb459832905,true,12138639185
SP16PHRA6EYY8HBVQJ3N587N7S550HJ2G51H0XA3T,0xba6d466c610faa771cc77e5f8b858d9a6eedfffca0aa8c1ce1e7574829888b1f,true,31800000000
SP16XVR7ZSJ564EV1JVCR02JYP732Z41B1RXQYX4Z,0x1e518e2a69e901ce97d1928a672a06396bae078e12f8b6c3583cdc1540e85d36,true,600000000
SP16Z42GAMA2FZK028NYW4EH072ZANYTZ8JEWETBT,0x629787e95e60950f745a47239252742ddbc860905af95b713127cfe360ffded8,true,300000000
SP16ZZSHPJDQG3C9FAF15R2ZMDK3JSJ9SYBYN44CQ,0x4497d9c681ea588d0b0843e0616c8bced81b5557086705efb035cac13124a665,true,454250000000
SP17B5SG0HQE28WMF6DN2PR6ASV5BB238J2YK3H99,0xd69157bea5b1d3f35ee62a2ececd4c7fec5cff71c5e0a1c5f85d9c1f7a5f29a6,true,5000000000
SP17B5SG0HQE28WMF6DN2PR6ASV5BB238J2YK3H99,0xe6d8977223a9dd34a5823abf048a3e902d6730e4a091db09845ba085bc4e25a3,true,5000000000
SP17XFW0963E9WG8484ZGFYS1EX9YGRGNEYGJKHZH,0x709e8b22676c1622780705bd6b674810dac3fe59b44f6ccc301ab63500f93d0d,true,100000000
SP18ECP6ZY3QMW842WTPCF9E9MZ44XHZP87DJNX54,0xf3e0fceb318f815499962aec61cd24b40f8d800a0133c7bb063ee8338e411a97,true,38000000000
SP19J34B0X3XQM4KV41X3BF3NX50PE41JPSMNXT6M,0x22d7ba01217f0f34c5b7dc6bdfa68d23ca49ef4d306bd53a1c92b94091555b25,true,250000000
SP19V9VRVC00TXJQYNQ3FGP4V1PKNFH5HPS3F32JN,0xa806c46d15fba936af54a6bcc91a01e1323e55cfda8fd5882ed255a6b8f23663,true,5500000000
SP1B246XWM83NRE1Z1J4TGZDVFA7KFW5E3H32RZCV,0x7d2b544fde82746235b247ae480a7f80a9a0a544471cd22c9ec32a25c2464f0e,true,392000000
SP1BD178MVT9M13TZY2N45DBQEVE0CCXPCSY0TJD,0x84a91c29b492fefbee58347671cec188eee6c760018d63c06793d5f844285a47,true,1000000000
SP1BEC94XDGQVB4WCSX0P5MYC5H1PMDEBXJF6Y5YB,0x02e4239a6a71f96cd8ee5950c3d8f37f3f8d0a7a898c7d5c12fdfdf133e09874,true,176000000
SP1CDQMYJMCZNV0NG03R2S9G3F6TTSAT2Q39QY7VV,0x587a66854f0af1a4e08815ef5d3a2e3e98f41206ccef124efc82382cceb45872,true,17300000000
SP1CJA6N1A4ADMF62FF8CGB94RK7QKR322HSBVB7Z,0x008f8b797034417f13a9858bc5efa0f26ae1b9c46a230878b1d5f4715f9d7456,true,20500000000
SP1CRBCJX2ARGDC5ZXF16XXCVP5FDGSNCGW3324BK,0x9e283eae33f110d976bd2fddf5b9d1ff9dbf7061933206f87f73b294056c05c0,true,370000000
SP1CRBCJX2ARGDC5ZXF16XXCVP5FDGSNCGW3324BK,0x4faeabde9bbf072eed56d5ca8e5eef0b07303c86eada5e662276c6e9fa1ad2d4,true,370000000
SP1CTCBPM2QMWZHQTNXGEXFZEYHCVM21DYRPFY9BA,0x336192458730b883273281f4ae5aec6fa81541f9a036836b58bff379cbe82c20,true,200000000
SP1CTCBPM2QMWZHQTNXGEXFZEYHCVM21DYRPFY9BA,0x2311fe7ce357c4a58e51bb1370b2b5d6dc12e06ff6186c43a1609c60d85e82f4,true,200000000
SP1CTCBPM2QMWZHQTNXGEXFZEYHCVM21DYRPFY9BA,0x7fb7d0502abdff466363ea95f5b58a084e30f2eaf8a55f86e5736dccb2555788,true,200000000
SP1E43FXJGDAJV2PHAZ7BACVKQETQ42ERVDP2WGE6,0x77b6d0afd471d2ae903428d960f0a83755be0505d1985a904c4694066dc2a6b9,true,507000000
SP1E7DEJG95E0EBZFFGEFGE0QX6Y0CR5V79615FB2,0x14bdf3682a8a24bd1a7defe13818760f6ec670af5a33d9d9fff05382795c5c5c,true,1000000000
SP1ECQJPTA9RREM5RR2TMFPDCE57GX58TR2S86KRT,0x1e92db663fa69e572b25f7acc5dce5a7763af13e16aa06a3713ddfc0facea388,true,100000000
SP1EHG5M8H61ACV1JYRD9Z9TC8BKSW519YZ4WE5Z4,0x38632fb43f89f12f25be347f93ccc92f5a6aec237ccde633be7b97064bc5156b,true,29869000000
SP1EKDMMG508FY96RSEQ1EFGGZ6J8T8DCDPAM12HS,0x5ce1d1ff43a030ad4892dda1f554bc5becc62bfb492929bdc2050633f87bd00b,true,1399000000
SP1FCCM4AGQPK093WZNAQGGRX1ZHP3W2VJNAWWZ4R,0x5aae7806de94a83b1d89579569f72649e8dd98c3de6e32d5dcff6b3ab235f212,true,250000000
SP1FH2861DB431R2E0Z4HRQZPZVKW5FJWW87V6ASY,0xc0e4b75cbc8e87ffed1c0b977610f0428471f9ceec03e7124f269bc6c0b8f013,true,1866000000
SP1FHYQG70GCZNGQ23X43KBQZ5WJE1Y3XKZGQAK8P,0x8fb260b1e5eda42187f73e6d12e392b2a95806aa85dd5ad45d27f4707fc38ceb,true,7583492797
SP1G36XJ5727MBB4YC7AZTW8V9RCM8ABXWQGT97RY,0x4085ff215b1acc6fcdc12b66e65a4c6aa94447c77ab9decd8f7eac9025fed97a,true,130000000
SP1G866Y9W4DMYXY3Y0KP6EBDKEZP4PJP69A4BRRH,0x56195d6311f2909b6bf2d49dd486acba75d46a323b2fdd2ca6268b204c43399b,true,370000000
SP1GMQ03ABAW804Q5RFDC5EA05688WT6RNQM59HPE,0x22afe2c507e5e1944ccdb2b3170379b9054ee8076427b5fa6f41a8ad75c8e9ea,true,13857000000
SP1HRWQ1NB3QP80AWCSNFP7HV7MC9T0D85MTFXJRW,0xe78066a457e978952fa7caa50656f49b2fab7645052ac62a0ea882865163f665,true,1800000000
SP1J17FMG1PBHD5C4ZKRJ9VAGE4K84HMP83WYW1TF,0xc1831d0baedd4940b4d5b4088415d74ff287efa74d07d59364d99e6fb7497226,true,350000000
SP1JGAW4KJS31AEQFGVB2Z4M7Y95NNRA8GBMMN515,0x60c570db741801cdd6bd1a644ef4fd205052367c62b75dcf4b785a7f39476190,true,200000000000
SP1JHQZQ7XKDSE2HAZKD7N9A6MCN7PDCZ5XHK486K,0xdfaf979506474578f2bf931468bba51782177ec10214434a407651c974160e27,true,250000
SP1JWK30JF7P738RGZCHBQ315GEG5AFZY7EHWN1XX,0x27314670ea168d8686e5fa3db47576f6e9d4bb6f1cc1a10b9fbed61d9608e32c,true,2700000000
SP1KPRGBJX9C7C7T4SJBBX822XMZXCR794BECQY67,0xd77f60a7be0a8ddef8d2021e1b5872e00398cb285079275cc8c86765fe93bd89,true,10000000000
SP1KPYZNQKD22F0XGTMSEFE9RD3B2TJ4EWBXYFJG1,0xca2ad9b54eb8f5bba73c824a0c41980799d3988fe5c60488c7e6c3c1af3f3d50,true,28100000000
SP1KTYS0E44F9BWSRCPBB1E8ZEBS374W1G22KGX2M,0xb98cf12d7558a92962990001bfcc620d6f71da16f50154cf75aeedcb33c14e0c,true,5000000000
SP1KWMJYPHM5RFC6DEFEV4S3NKETTBRGN8KD3B4WB,0xb2a31442c236c9673bb1b8f9d56bdfc1b5ea99c06c24fc057112116613021c77,true,687000000
SP1KWMJYPHM5RFC6DEFEV4S3NKETTBRGN8KD3B4WB,0x84920cf89997b29714bbf2863ddd9a4500de8cf2e3aadca5705ef45c1f45ee17,true,687000000
SP1MAVN1K5D9JJDVFK6RMJABE6NAV4K67G2SG34ZN,0x1add351198e426fbb40f564b8e837090cc2d9dfd5db4a9eb99ddab97cc4d0294,true,1000000000
SP1N8BXHWKRQC2DGQT2R0EZ3M649MFTH029X0RJ0T,0xc3a102f4f1b3c38452724d31ceb81fc57d7b3af305c56c93d8d1ee75507b10ab,true,400000000
SP1N99CCEP7265W649RGDEBX9D2T6VSZGMPJ8F3A0,0x6a28e84ff64165db33b92857e591d769e48b3bade132a0b607edbecdfebcc9b1,true,29850000000
SP1NGQ9KSHT7J9Y99B1JYMHCZNNT7S22Q81CAHNSY,0x26cffa6c689c28135bf53540ff62717115642fd2594b9786f37bcc1c0425a8c1,true,36800000000
SP1NP8CYY1XE9ZB132WFY33HS0EA692Y0V2XBNWPF,0x74ab8d9ff42c493c25a5fed793823a2ab3d4e66f39203aed48745f39332f9be5,true,13500000000
SP1NQT9PMVBWHZHSM13RD6CYF86G4YA99JR5Q1NM5,0xa95d77692eb6027001795ac8ed17d3e24b46e1da6d70bc7f117322f5b5923113,true,800000000
SP1P89TEC03E29V5MYJBSCC8KWR1A243ZG2R8DYB1,0x1628fb17cc83389c0a59681f301da655005f29c9a693f7e7dccbebda9521050b,true,970917672
SP1PDKSSZZVX2Z1EFGG8W329PHN1V2GZTANQCA3BF,0xd6dcb44d94f578415cd0ce4c694847d5e923055c8dbff76f7f5b6c51ac62c2ac,true,102000000
SP1PGB1T5KRNWZGDS1JEV7775HJMYBSEM2Z333Y8Y,0xd22bba6bbb65fb761a664830340427dacffa42e9bbfdd5495fe75eaf21e434ff,true,15000000000
SP1PP386VVPRJHV7REMVMRZ2YH6ZJBNB1EAYB3ABC,0x156008d435dbcc6de11f786ddad6d3a44c8a43dba65558f0c8bbc0fed1c79951,true,900000000
SP1PY9RPSMS0STZKX6JM91NRPMRCKN428BSRJJEXV,0x86168b3657ba2104834ef9461b47d9705ecd54d819fe7962a847f2233414a411,true,250000000
SP1Q1Y5SRJA68VK7BKQNRXCKB9HKF3ZM48352Q5F7,0xf2020a3c8dbe6557e30c85f972dc486801e2e6310bc0ab12665664345b6abba2,true,10001000000
SP1Q3S77XR89R9YQYFF0GTQW5PTD9CJX314MQNFPW,0xb66da4b44542572f9583d5553284268436c0d9b4040a901346e5c785342ff6e7,true,15800000000
SP1QM94XJXHCTR18BV88TZAM9M6KVBEEYWJERSERR,0xf11f2db90c7dc5348de03683677ec830eff48d38c0b58463886d100910a50f36,true,4600000000
SP1QZCE33CMJ631YEARMFKSWD9KZF7XXYPE56DSXV,0xe6e167b623565596cb64384de441d74066fb5c6b76e43f1147fee24eaa4ecf60,true,5796000000
SP1R2DHP2TGMY0KR1EBQX6TYWT0Q1ABZ2HB4C049G,0x208e8803f1fc70a192e7e32ffe56a296002314b002b8f3b0ebb9560ff879dd5a,true,300000000
SP1RFNCXZT0XGBQQ38DCK121THQ0ZYSX253SKSY5S,0xe0d4e5f00dd4e6d5c5ddf65d7e6d38efca483346b43a6e5c7443c9c7cf0b2ae7,true,230000000
SP1RGRVH811WVZSJP924NQWDDB7VJNBSF9PYC403C,0x2a6dcd3c4e2eac44378e30e233415d60c6d1d6cadabd887ce77ffe14f18687b6,true,1028000000
SP1RS5RVXP1BM52CCHDQQ5MBTBHZYJF1G7TBK8AAF,0xb91e0646f37437cd222f7608411e281802be51b407e8b33fa598e5451e83ffdb,true,208000000
SP1RTJSWQEC58ZDHAKA31SFMY3E71Y2BMN3A5GM4D,0x25e93a39609169a80022683080eb14b8baf2e5f2481d7fb499e5b9d75ef62af2,true,600000000
SP1S1ZPFABXAQBF2JNZ0NGF0KWDXJJAE8AFNJM568,0x9f5786520f67b4d3323cbdccbe4987992ea873171519ab0e372933a3a3d99c25,true,2000000000
SP1S1ZPFABXAQBF2JNZ0NGF0KWDXJJAE8AFNJM568,0x419fbcbb39d986b94b253927301bf48e81d054488033a06154ab228e80a96c43,true,2000000000
SP1S5SVZD8NS69ZTBV9TYZTYPH2P1DSEF8DQQ0B0G,0x64041a18cacdfe7a4a433960cf45046903016b7700e2328a35c57f86ed5d916f,true,100000000
SP1S8M0JGYMEANDY36P6KBYJV2PY6P4KQE66FGFSC,0x62a9f0bc68f48525307ea6c3fabf17b11dc61daede9e4f24f4cf30cdee8c3e86,true,700000000
SP1SCY6RS1W4R9JZ3Z362T1P76ZDZ6Q1WW8BRXDTQ,0xac36e5e919883767299d8fbfd01d43254ed377cfedf5a16cff7cdec1ed951005,true,5100000000
SP1SMMESJ5EYQGM0DXRYT1A2FX5CQ10R0FBDTX9X2,0x79bf52ee2abdb564114794d9f9254b7507452d506d3038c900562f97c48f53fc,true,130000000
SP1T2ZRCRK4MQ978HJ8KJARDGHW7HY6DHZAVRFC9E,0xa9586cd215f9d79e4ed5d7588b8877f3e9200a22dfdde73ad18773cf1b1cc7ab,true,100000000
SP1T4W78G06T6SFWPKP8K53QK2GQT41J6PT4Z8712,0x2da390b1e9ae81406c4d3cee00db0ff4ee9c23a4bbed7ad829a1a9401a220758,true,8500000000
SP1TCA7QER9J9NKCKBB78K48TADDFC2GXYM3QQV3X,0x401db6d6cb05b2599cd97096b4f736f9b6c125f37cbe15d4242c250727100310,true,1500000000
SP1V4BWKPD559WP67GWCV8VR0VRKJ7ESS8WHKYEJP,0x8bcaaaa32f75d7061aaaf52d5e32b5ccf443f1a0bd0c25bfefda47578213e8a6,true,35000000000
SP1V7NRPKG7XHGNBZ5HGQ42SM90VNF2Y5YXY0RDA7,0x59bbc533894f37f11c3428e0227523cffbee82b5782134b1e29be3e3c1d51a3a,true,1275000000
SP1VKEVK39KZTA7T95XTYX3ACXBSDBDQC3HECH4QA,0x72d755c1a3d5f1942a6facbcd7d8351108a14e94cb69759f72ae9dd072296569,true,111000000
SP1VQ9MM1208551W80TCY0914HGMMKZJG1SM5W8XV,0x3179a3ba637d5be568164e2b5b15d413b75295dc67edec094356643b9c9dc25c,true,200000000
SP1VXXMCJ5MVCXK36SFD0DFWW35MEK37AFXMWQ017,0x6e28ad40415044913ab4ec390e965e6747317b9e0a7ba74afbf3d06540267f13,true,67603000000
SP1WYMS04HEP4V5RQQ51JJ4D9S1Z15RTJ3GPR0HDK,0x19863943ae694210d492786b2af59329e831b8430b7c8d880f6bb16d39589ae3,true,151990000000
SP1X8N6J3WB4E9F4KT9G0NFQTATJPQWC19Q72BQAP,0x6a837468f65cc42bf46a1222510267e05406a06c412677b9efdd6a951fd8b882,true,126730000000
SP1X8N6J3WB4E9F4KT9G0NFQTATJPQWC19Q72BQAP,0xca19a8a8b01e42ca25cd022c509bdd6c4478e2914f24dfe56fc4eea9ff3fbf01,true,126730000000
SP1XDVZW0MYMENKX3HHA11R7KJT9FSAJDS0KPFDTQ,0x2349bcfd5d64c270bbe6711516d158c1a7702718311ecee13a4262e002f5df46,true,300000000
SP1XF2827N27YCE2F1A16RE5XS2ZFZDHNPYX8PRPK,0xaaa0360dee756e25a5dcf0a91e4def6d77b4ec3b56752a7af268bb7de783eed1,true,5758000000
SP1YMYAS7D3NXDJ111D70MJ2Z10W0809F21AVP896,0x6dd85cf829f07740f06c8fa46f4b1c8b453717eb71f2fa2e27ac71e7104eca53,true,101000000
SP1YR9YE171WMHDTFC8ZPCW836ZSZEM2P3W9C48ER,0x6a0846a683b184d42ee5fede6defe677b9952e62e400dfe4cf6289302a863ca8,true,2025000000
SP1YR9YE171WMHDTFC8ZPCW836ZSZEM2P3W9C48ER,0x9563f91407e0bcc1c6fe5e3b7e1ec32f6c6cde69ec578110b41b3886f138ec9a,true,2025000000
SP1YR9YE171WMHDTFC8ZPCW836ZSZEM2P3W9C48ER,0x6ed0d3241c7f9e391fd74010063e699554251e453fd5bb0e66399bb3f0f68eb1,true,2025000000
SP1Z2AGR9FJ8HTA7QDE1V3MNNCBG5Y3FFW5ME3H8Z,0x8120d74c97981013231e012baa59d6a0d6bbe03b8c59f2c3b8c70a0e113f1cc5,true,100000000
SP1Z346E5A6SA22RRFDYXMXRZDC7ADNK7MQ2F1Z93,0x304aa1d7730e19df8a77f221ae880e482e9c3d977ce1273eb8bbf8fe65575da4,true,1000000000
SP1ZJHN74VH26SPHHJB4YP6NSEYVKFZD1W0ZK5K9H,0xf30cfbe1e6fc37b7108da2ad8de0d7e6007805c3447d8608841675d1384322b3,true,34000000000
SP1ZV3SYT9A7CDVWA4RYHJM3TWVWB7W5A6PHR6R5E,0x311f51c9ed17406d8c2f87fe7c4d07e1601feceaf382f6090730dc6014e2ba03,true,29200000000
SP20945N5G0F0V9AZCAHEC1GS3C1S2RWT325H9N0K,0xeb340b6f6d7811dd26d78df0ee92b9bba4045870a9938dccb8f74f2151e41bcb,true,600000000
SP20KK070RWJD7DJ8C8JVH1RKDMPVGP038MVVZVGW,0x430273487e87d2bcc92014f5ee6ef81a10ce9129cd87ec34a6cff23c771fc4ba,true,8200000000
SP20TB2J9NYQG6TNHN90HATV3PK6XM7RKS6HAFPEQ,0x2e9a7b622a8d692040aab239b2a76c2277219675477bbde7b2aa7b1716603682,true,10000000000
SP21GTVTEEDQBBQSK6FPEG4G4XGQRJGJDQV41CAD,0x9d5bbe21fac531d854637b98692e906beb4a1ca0575455af7875b889563901bf,true,34004000000
SP21Q4WS6EW52TH0Q8TVVWJ6HN13H0X5WJMFFJNF8,0xfbe06aa363a312659aa702c1b17aa6067d54936dcb1d508a36751a9fa7674f3e,true,710000000
SP21QV9ZVWHA602RZHM3AGD3ZFV8MCFXY4YYS7N43,0x4f97171ee23fd98a27327031d21f48befd1fa7c5eb73d2ac70952d62ff7d0796,true,70000000000
SP232FSXX7AQ91HJSPHSEHBJARJTMGFMN07Z5A63Q,0x2090c01a935e3ad66bed99db4e4e0babd66ef231a8b8f2594dce76fbbc1cea74,true,439000000000
SP23JFNQRHWNXK40R9ZSS4NK8T2GCHSEGCKEJX3NM,0x11fa773c9d50f697573e17bf8c3f94bed1dd6b5c22e8d8d297521f9815b13714,true,299600000
SP23WMZGDT4798VR2E4NNPM767T4W8GMDMSVAH3P2,0x93a37847802141931697130b4ad3e3d126c904b64ce59efb778bb24f20cc3d5c,true,150000000
SP2416R73WPXQ7R4FZ0ESPA9YVWZ81SYFPN5R9ACK,0x11f4896d65c701c50b83b0748684d9f3839ee0dd2acaffed1556c67db246f363,true,32549753313
SP24478XYAB7DZF7850JWVYQRGGRKDWXF7WKKRY30,0x11f0e905ee5819ed0b70daed71f65a60cdf0752117b14715ee96ca81a71f41e3,true,100000000
SP2549FPEVTDXSRBCJKHX0ZXK7J7KJN9AZ8YJPQKA,0xf7fa3d10f235aefdd2a71fdedd0d395b05777fa0fd5989a8e2ca0f164164bed2,true,4090000000
SP25HJJ24RE597BBK8X7PT06VVKNA68TSZG70044G,0xfe8f0d50246b93954f6b521f469c92c4be7293da18bc6a7884a4cfcefa6fd617,true,300000000000
SP25SF2MPZZS8Q20QA3VTYJXTHAHCRNM5MSZYDNB0,0x5f0d098c6178719e0385413c8c41d1a67c0f031283d171ba1db4bd06ffdfa926,true,3600000000
SP268E5TRQHYKYKX6NW35WFP46SJMBVD3WENZ7N87,0xa7f0bb9ec7f58ddeaa29427df80e01b780667f21d40b715fc6840730c08fb381,true,29000000000
SP26C0QK36N664A3D1MVG7WQR8VVQ6PMS3RM4BKSX,0xc8e131d855f45b41144b48c34bd2d75298301093090100dbe1a4c49c3668f9e1,true,2000000000
SP26E6G1D1XQCTQZECBZP0VDQ0NJ0179YJ27WMEPT,0x5701a17920e8b8142ded1afc9aa1179849eebc1a69937d7e5b952ea258fb844e,true,20000000000
SP26HQEB01J47QGKGSDP6XJ6Z5TCM7ZEGAB6TXQPN,0x11ce6b53695cad88a19c4d782ab7a9daa296177f4fa5b692b3567ef1dbb9010d,true,240000000
SP26XS066PNXV9M28HP4EZVS7R36JWVGERW58H5KW,0x84f3e4e09a5edff6fd44bcdaf009c790cb127d3e64ad4311c40fc207f71413e8,true,20800000000
SP27JJS3774KPR0MMB5FH77VWBD8KD0SVNZ4QNX5X,0xf29113d78423772994cc3483dcd619bad90eabe3a84c79a9b69b4c670e330d5d,true,3000000000
SP282JF15RQMYAYB9QP9PKHMDCXEZHXW4HNG8AQ78,0xa40c4882276cddf13365d0ac254e3c360dd9dd9db632a36b18d064565750198e,true,1900000000
SP28GDRGPT6BKAWSFJAP1A1T8QSD7SHQKAHKW0GAN,0x1069033825240c0b6228c41c765ca712f2b405493a5ec77018e4a135a1f329e8,true,120000000
SP28RZ1QXMXJXVKRRCR3D7GR5D48XY0NNA9MZWHJB,0x93a9b18a62edaf626fd4b4429c48b1c9c87ef2030f1b22a36f1e9bdd74d41079,true,3450000000
SP29902VVK134BEFGP0F3QT7W2H5CFY2BVWAKSN7E,0x1881496ba5db88a38197eacc1dcc82a85bd744b15984c3c3a83708769ea4e41d,true,1200000000
SP29E3Z51PJV8JA7D0CBENDE7DPF2RG2K2CTFR663,0x6b9f28cf91d85388c83ee811dd7b20c52a5001967e8f41e28157f5a6c724a5ba,true,800000000
SP2BDBRPH7KN3BW6WF4E2WY1BMYDETHZEFRNC20RT,0x675e239dfd2497c77e45e2f1c4822ae69c1da09dbf0c481f30e7ff0851d5d4a9,true,20000000000
SP2BMH1SK80DRA9XZZEPKW057RVHGA0C2B9VZXHBC,0xf80769ce48a6b2e42a02f689ebe13ba40d9ed3245d01e5e8313fd3c8efb48ec1,true,110000000
SP2BZQ48MADDN62X044NNJCNXF5BA33C3BFQ3TZJW,0xd76fb86fb6c04a7cca1094c4f128062550b0419d3740c47f76f19c253f9af730,true,5000000000
SP2C8R4JV5FZE0YTWMHFW81ZWHM4RD1SR0FC29E5R,0x53bc21a61997272b0c62ed806c4319057c2cb657a34497fbafa890a01498e936,true,3000000000
SP2CCWZ3YZ11BM6R2NMAE4CJ92DQTJRQ1WZW7S27M,0xe758da6d1d55a9e8d092c0b4493d81a97470a8e03f8612c9cdc76bdbe451327c,true,10000000000
SP2CR5WFGXGKDYC22C56G2RWHHPYCX6JXX7YWNDF1,0x28e171136f4018d85c01076912b2130467d65ee97648943c9c7e4b16466dd987,true,2200000000
SP2CXXSX6D1VXBAN6PPXZ2PGHFPJ5A0900EMA61MR,0x8311c50254298f84550db9ab9eed1503614f4f83ce7822ef42970cc59195e9f6,true,100000000
SP2CXXSX6D1VXBAN6PPXZ2PGHFPJ5A0900EMA61MR,0x274b4961984c14e5ec5c1755b4699cf5297f8cfddde394e684844f84a485023d,true,100000000
SP2CZP0VGN4DA08VX9N2EM0G1TDNHZD65TRBWDHE5,0x30206ed7380026693a09ec0e6bcb3ad4475f1fe5120fcba6ae6c5055bc0b6533,true,2200000000
SP2DB4QYH5DQ3RMVYEK1EE14TRHE2H7DZDP3XK8N9,0xd5481ef9c17dbd680fa76f47bd5a647f25bc4ed18461d65f22d9bd6734e09af4,true,2000000000
SP2DF7AJCFRJEJ4CJBF5AGBBABE77J70CXM7EQVWM,0x3b3a72e7f1894b0a9e8d56dc78e1e002b36e18d96e89683e655830f4ee49b18c,true,570000000
SP2DF91DM060WXNNX52VPXJ2KH46PDN297GKTFX68,0xc0b500a6538c86623dfba0166f10833cd69e62b1bc004e02cfe0a6e0a20d0361,true,150000000
SP2EA7M1N98PAXDQFMVPES3V02SG23JAW4B0YS21B,0x52930df24a01a74a77de506d44163b49d23778b4e153861737f01a8ae7c54153,true,3999000000
SP2EDRYCPGTS32HZAGWV54RAVA2GTW0WPBP4HGCXR,0xb424cf7971f11cc6b66dbf1065a2475b9f57a2bd0474a306fd1554a61c1e4547,true,27000000000
SP2FR2SMWZA8DETTAJHFX1NMVAP4V8AAGNZ62PCT6,0xa647be49d76d5b2cc3e4ec5c9cbfeb24edd16a5eb470f09b137477f673fca532,true,450000000
SP2GHV9VH2W0M5688151V8SS94NTBPWQP0MZ3VWVD,0x3320d603fb7745e3555f231db57659e89d5b1d71ef01a9b4cc5a61a907f9ce0b,true,100000000
SP2H9B0J832MQBZ05W8MT3NV6QJ4SHVBC97YTM1HB,0x0d4ddc5ed910a13ab03de8fc71de3d860d17db3e082749bba1d52cd4ddebaf8f,true,500000000
SP2J1EX6Y8ZANKZ68ZK3FCPNDDRHT447C1RY7FZTW,0x426e2b3e5c51df59f80062a283966d48c77bd1905cfee33f1d7d8e7a55883030,true,20846000000
SP2J1EX6Y8ZANKZ68ZK3FCPNDDRHT447C1RY7FZTW,0xc1add5e692817d885a8e31c6ef24c7d9a081073ec9831a2b33a5467647b92ff4,true,20846000000
SP2JB8RF1F7DNFG545GF68F976ME1PX4EA6SJ6JF7,0x1a80c929644146b34fe152d4c2dd21e17a1a49f81a46fe649fac8d1f771a1d27,true,110000000
SP2JKG14SA1Q1JWD60NHG23FV6299XRSA5SMZZCTV,0xcfa26e6f241e6a97378856437f415d7e31ee70337bbc3630bcbf7bc6ab599c4a,true,5214360000
SP2JKG14SA1Q1JWD60NHG23FV6299XRSA5SMZZCTV,0x6b520ae612ae9a506a73ba49f20b0359bf9002e2a0f0c26471bc6347b5ef3701,true,5214360000
SP2JW00T2NEE2R2NM6BD1MQHCTWH3MJK1C0ZBEDTJ,0x69a56218c066c0f5bf4878aca20350ba126bda840ab8c98b229a833e235d08f5,true,125000000
SP2K0VG0Y0V5CZA7YBNN07E6A3M1N7KM4QB8KKQRW,0x8fbdca41b4191298ea59fcf0b2ab74f8d7fecd00082ea1452afba1d5774e0cd1,true,30000000000
SP2K5NMJK6HD29BWC959SNBFB44C1M0PCKT2PRNMS,0x5256d1efdceb9ae3610deef5672f143b8a9191cfaceed8e402a94bc13d5a475d,true,300000000
SP2KD44XNHAXEPY4WXDQDCM596DNM68N29EGWJJ52,0x2ad5ac3fbe7276eb9f23a71dc6a75b42bed494ebefaacaf8651a046f999ee028,true,27000000000
SP2KK2ZM5NS03TB8GPZKSM3XQ82SAQYTE5EXQD8KY,0xdb2ac483b7ebe7b92ffc6dabb318bce60001e432357c4342625c98f4d02ff332,true,10000000000
SP2KK2ZM5NS03TB8GPZKSM3XQ82SAQYTE5EXQD8KY,0xe92cf173f6fc5e1d16d08a7fd7bd8c84debbd58554f6fdff5e56c4120abb160e,true,10000000000
SP2MHPA9X35J7VPBJSXNWY0CHXK7PQ74C6K3ACTZZ,0xd7ec948a35352f5e10accb6ca2f70939f021004030e7896b57177a5922056a00,true,1000000000
SP2MSRQNGQY6TY29CX28P4A3BRK3FGZQCFNFFN07B,0xb4c141805b4b886fa9cf6fe525144165294dbe7688b882c68c361cd092785ae0,true,680000000
SP2MXBQSYS8HJ6ZHNFDJNDYVFQG551Y21X9B0YRD7,0x0e078bdeadeb5b3d8f80eae4088bc730b81d2a14a17a957ac547d556fee69d87,true,254000000
SP2MZB9A4JAX3QXSCF63F93HP3FVXJHTZJKY8N7K8,0x77b13432a8dca2590dd98e32f77257474c1d01acfc2ea647501729a67797bbc5,true,5000000000
SP2NHZDAMMEEASE4DKHYYCVAG8RF8PA7YHPPW40BX,0x6cd94bb835a95b3b468681b6858599bf4532f07a843785689c271bd0d1a600ac,true,5000000000
SP2PVS4V3A52AACGYE6S74RREDFP2AYTYHCTM0ZWW,0x9e604cca021fea9efcb31d2ee676bcf23c7dba2fe370f5cb52921f026916d6b8,true,3236000000
SP2Q1SZSETS27AZ9FE0BH6C6B7MVC25E4N6C2VE7D,0xf2d7ea38d8f366c6572e9d38c940395c931e94cf201ff65c5ee5d076d4a60912,true,18231000000
SP2Q5WHA9NAGWQV500HSV93SEG8PJDNC6FAH88EP4,0x8aa154b0c6282ae95f6160b7ac59712cf384e6a0c084cac91231dee0713648ac,true,290000000000
SP2REHE61H6PW68CRGXRY8R0XG24PMW6425V9WY9X,0x45fb2b3006fed68b4d5ac224ce18affc055a87c68065bb5b10d62032f6732295,true,100000000
SP2RG5AX378MDWFWDYWVNAJNS2J4HM98QAHDZJEHR,0xd2a427a8b45b6b134ce40b3c3afbd3fc09ae6144f11cac484e496098538403f6,true,1000000000
SP2RJNRT1SFM6XJZ4TRP3EMKYDFTWY15Z1D9Q3X0B,0xc22f8c117b46b0b85cd488b94c2eae4d2661076a3b07464dcc8eba27ca422400,true,120000000
SP2RKVQW7DC57NRMBSMWZQ5P15DYBT9Z0G02P662N,0x5de38e6d8724ff00ff89c0c3f7afbab49402fc4b073e1e9d60f04004eadcdfc6,true,1500000000
SP2SY0PDER77QRHGWF2CNT69YEHQZ62SY20P9FMJG,0xf91b607375510504cf505e095d7f1699a50df1a44652b74be3d669ba8d54435c,true,2081662666
SP2SY0PDER77QRHGWF2CNT69YEHQZ62SY20P9FMJG,0x55749aed9cb411752ef0ed93c899070869e6338f4b983f28602ce702358341d2,true,2081662666
SP2T9KNSVH82E0BJ4D12FR6TKC5AJY0PJZWTK64NC,0x3254f26930dddc3d1ea370cc7743817b2780fcbd36950c1e908d0df1f61a203a,true,4100000000
SP2TFQGCYHQEY9JMMTHSCMAENH782AQ3Y85QXS9Z3,0xa94fd09693e99ce6d491e6abb5a57bf61d7848794c77f9a9a64292d212dabbd8,true,101000000
SP2TZ3XXE7BYNQS42TT9KJF697AXM1N7E6V64F66F,0xf17b841bf2481161038fdf49d276bb1f1ae9115230edb32103c5dc4b0488d687,true,32500000000
SP2V5NFEQC1CNNTC4HEGS4YQZW47G1C0ZFF9KSN25,0x61792bcc59770a1995bfcb9d9abdd448e1a42263648f78c4353e16229448eb49,true,250000000
SP2VG7S0R4Z8PYNYCAQ04HCBX1MH75VT11VXCWQ6G,0x91acd6dc16f50935310438967a551ec03f6200f2bc1005d7ebd06251ef23cff5,true,3000000000
SP2VGECQQ5TJGQZQ15D3QDFNBJ6DRQ2FDBG722K34,0x1adea9fb5db4ed1be59117ff2cf137930f13b6f099011fed7216d2f406a125fc,true,10000000000
SP2W6D4CV6WKXMTTCJ9480KFBXQPHD5RHGBJK7PHM,0x1359baa176580e919506b7bcfff94aada2ffa5c93e0b1bd6efe8555ea7e55d7b,true,7799410465
SP2WC112DEJR44WVAX5A2WZ21VCTTVMY000AJKKYT,0x36bb5806e9b9e7d634d5b630e26fd80d2ea7db4492be8df81b0f375dcdf68bd3,true,2360000000
SP2WHSFV0K0Q38XP1JJNAEBP2K02VREBJ7EFYNMCT,0xad3b234f0713f17ac772c486e793c14a6b9cf3624674044f00b148c746a6e53b,true,3435000000
SP2WHSFV0K0Q38XP1JJNAEBP2K02VREBJ7EFYNMCT,0xf1e294932174ef2abb3a1a3c6a79720d74cd9ef1b79832d65d8b8edeca6d0bbb,true,3435000000
SP2WMAAKGBV75QBB6190ARSCNA3F4AW53Y0WKVRB7,0x69b6f22d9ca266fb452f0c4b26bd0c962987255ba9b09b2d345d1bcafba87ae2,true,1450000000
SP2WPTFTP17PGJM8328QWG3SNV9EZ9W1C7EGTD5BQ,0x699dc9a00e69cb44c9ffab920bf0e8c149cdbe973e83ba85fc0ac4d4e8bbd9de,true,3015000000
SP2X5X4HSR9ABHSY60SR3JQXE7SDXQQVEKKKVAVP1,0xb4c538262954abcf972b1155b4a6616a70bcef0aabf3f8b7f5db3feee8e8a3b2,true,2500000000
SP2XF62DFKFS482CX852GZPMHEDFSGFPA7SJHVEB6,0x9aff070027790f2b7d10fe7b426c89e4f8b0b34bbcda0e87ee31da9112ac95f6,true,650000000
SP2XF62DFKFS482CX852GZPMHEDFSGFPA7SJHVEB6,0x5774b903db398600722716e83caa4f343046330471479f7689907f58d6cab7d4,true,650000000
SP2Y0V1XKRTNRC2VBJYZM7KTNCNV44QK46C1CF9NJ,0x6e146a4d52205585163176030c3b735a8340eaeba18c64f775349f934fc28417,true,275000000
SP2Y55WKSPB1ACM5RZDAKPDKHECZJD4GZ4V311NP7,0xfc6d130008efd8033596d5a602a61c261b846a468c549d15a543b67e8a10b009,true,3500000000
SP2YKGTN9NRYM02Z3D6VMMN5DCSPS58G6DCNR7AYQ,0xbeed08c81bd261c2e59be5862afcbec0be0da57f599366642ea8332329ef5089,true,800000000
SP2Z11PP6JT244YDKBF7J7K1TTFY945YEBVRERVGW,0xd07bb0451ca6e5b7e087e6143c82ab3f2d692978bde0087987604a08234d01a4,true,101000000
SP2Z2CBMGWB9MQZAF5Z8X56KS69XRV3SJF4WKJ7J9,0xb465462c793c217f2133557f242215d60174a2edabb97e91cf6570c251cd821a,true,800000000
SP2ZD939NNAEVH4G4RVY74C0GT88NR36D52KD9GHB,0x361a7eb568cfc2ed2e8a7adf47eb1d373a14d0fdf4f1eda80f4bad21a7a997e0,true,500000000
SP30DS0EZEE8H0DVSTAP5W2HPG70VEYXM6C1FRAZ6,0x1817ec7228bca34fbb153bc00ec9d91d53678e7e432535b09a3ef5857287c72e,true,1160000000
SP30EETKXBCSKG4AHJSKVKZ5C14VP674GNVZTQCER,0xb10a8c33a4246feda379572c4b6fe38fa2e8cbac681aa80f7b8961ac8af9d5ce,true,2320000000
SP30M1TKQPRCR8BNM64ZSVCE15DF3E9FGH6XE0EDB,0xcaa8fb292aecdfc3f894f2f6738d57de17534442b14d7fa8af57b6eb534634cb,true,2500000000
SP30VABWSHZHXFC81XW77F8NAZ1YCDMCE6CZVXP70,0xb58f03b6031b9b46334691e1c0af4623db2466aaf52e30645d7b02252df85ad6,true,1875000000
SP319Q8EHM832CGNKDVJ0S9KB58Y7MKRGRYKK9C01,0x5233fc2dfb4276b7fd01f3eb597c8a6af2f817c5ef0096b23127e0c278ef666b,true,300000000
SP31SXJHBV3YN94HQX7NR7TV9RBM8NSNYAGXG9R6X,0xa0e474f950b283652a966797a892ceb8e50a862819d594164a6a2e580bff3277,true,1360000000
SP3208XH9SR1SG9QX96NTSNSJJDBDHXK6CFZ57QXC,0xe84bc462ccdfc57063cad4257ba17d7046508291e82c34a20375d2a2bb31003c,true,128000000
SP3208XH9SR1SG9QX96NTSNSJJDBDHXK6CFZ57QXC,0xd61da99d812318a5cabfb64d459cb73a9ea6662518838838e876a817ab1d3dc5,true,128000000
SP320RWGQ15XD8RZTT707X9R49QKR3QHY8ZEGY27N,0xb96ff46da5349e4d41c7abe0162ce66a35b393d70ec40ce35f5e80063db1b15f,true,27424000000
SP322F1DWPFCJNFNVP8S25VNH8GKNY3RQM6W80WA5,0xdd5caadc63eb53b58e9d3c3c8fd043d8a19aa8da0d9d5fc11cb6fbabb5f7cc16,true,2530250000
SP329M6CS0S3738Z0T268FXQXBSX0ZD1FZVBZS037,0xcb4cfd88dd942a882f5c1222022013cba9a766cd22a590d0158a98fd1802bca7,true,220000000
SP32AWM0H0W0P01HBJEQRJEYSBRDAMEAVXXYARPQ4,0x21b987dba26fbacc22abd2764e18ec6715999c8854d0c81972ab78d5ab890462,true,300010000000
SP32F63SWBJSMRQDSBMVCZ6GPZS36WPESN29SNPAC,0xd1b23953ed7c9eb9ff7e5c003945ef53bab6b5d9cade7981b19da4c3fa7d961a,true,46000000000
SP32VN3N6BXS2C2NE5TP4JK4ZJ7AZX9SP7QN025GG,0xe98be6cddeb171f3bf8f90647e08d41e7a6bd6576b54b5b932378cd1942780d3,true,750000000
SP331EEC51MP39K4FDVQDNESD42JJSVFCGAAGAAV7,0xe750640fc75445809cc3a42eba5f6c91d49114fb828baf9f3e4b77d041d76a13,true,2500000000
SP33YM4CD73DBVXDM1Q0GKGS0DGF8SC9P9SXF4Y7E,0x063cd29fa07558077ea364363517a2d3c737a6f38897b0b6252f710cbce8a99c,true,100000000
SP33YV1AR5H9M7YPWYNR6FHFHG49MP8MEF49JPHQX,0xbf02c526bf987fa80e1a6fa939b3d9da59b0315573bd839cf62c4e2818b6e94f,true,100000000
SP33YV1AR5H9M7YPWYNR6FHFHG49MP8MEF49JPHQX,0x6c498478b0a06371b7ca53446a38d90a9cb957054b605644fc4d67d5ca4b296d,true,100000000
SP35MER4PHM6XGB99YDRQAK0M0JQ8F9CVF04VZ1VX,0x9dcafa7ad8343d99becacaa825e43cd247cc0543d31570d8c5f3dd4bdc9e285d,true,12000000000
SP35ZPRFSCA52PW0P9N52D2AWP9QWTFH8RFM23G44,0x79430fb5a63598472964b9e7e5331c2cf4513edaf26360a389bcf9e8b6df48d2,true,11000000000
SP36Y664SW5K3CN8MVH1Y6G348CZFHSN480SV7Z93,0xc3db370d9a576049dbf1b525278b011398b998a00033e2b452415bd75016f120,true,5000000000
SP37K6WGYR1JA35A5Z0N1AC22E45JNX6HD25BJT5S,0x0685ca6b6ab7fee26a6e20c0acf118b6f06f44a12ef5ef392fab462c6f783c3b,true,960000000
SP380WYDKAB86C0WPK6FZFRCB3DDZTWKETDWQ9T54,0xb9ceb92b30a116ed02b577e95fd2beae7c3aa92458087f1053b0fc19dea08a6e,true,188000000
SP3910KBW2WAXNDM5VXWGH0JR3JFD245YWM9BA5HE,0x5621a840de0653502c0cff508cf62dcbc021d26b82a1d251ad65fac655ca05d1,true,39000000000
SP39ZYHN0GRAA9FBE43QGQ2HFS3PRWZGE1JCQRWYH,0xbd8583232f7c207fb9010f8d9f235a601a009ca9673578096d31af6d23371ec5,true,400000000
SP3AC45A1WQKNAA4QW9RWJ8WDS4JBJWM1Z8W5F1E2,0x9c29af915096f517ef401d52f291a569f4bc75389deba1cf97808dbae7644f0c,true,500000987644
SP3ANZY9ENCJJN6QCQW0TBYAQN7W37A6CMYEGB282,0xaa4ad8e074d0a8a6757ff5203702966c5c2da42ba4e55ae2878972581124d012,true,4856000000
SP3AWVXSA5765F1VSH584XZZY14VQAXSQF9AGVMZB,0xfb9ef18d68e3d3c74326524a8fef8d4582882a82fadb08b2752ac5f0ff761212,true,17767000000
SP3AWVXSA5765F1VSH584XZZY14VQAXSQF9AGVMZB,0x7d6c8ea580d7c4b118ff705c291031744d61045013964bb6b5275ca6792e2c10,true,17767000000
SP3AYCDRVGCRYVHFNYQC6ZZ9405HG1XHXV9K8KVVH,0x38b30081c6050fd0fb362f42990e12dfeb476e9c7ddb2caca4b6a111344d3411,true,277000000
SP3B1D6X20A4C2RKS9TSFCZAXABJJR5P8TZMKHVQK,0x95ecbdce7af08342efc8ea2d3d712335de434966262828017a320f8f9af43aec,true,700000000
SP3BNT6YEYFMVTT9V8MMY8ZKM4P9M3SY9X9PDJVEB,0x9ed6fb1daf77d0391cf5674af2ebb0bb4139eec08e0ce3047ef0e44ba21d08e9,true,5000000000
SP3CDV7032X3GM01SXYSNXSJY7EG5XG008W21A7HQ,0xc5bc52908d2fb003e00235cf307c9a547ae005cf7c707ed9fefbd20c0907f9e4,true,17300000000
SP3CHC5CKZGPZ3W4Q4JASMM5ZSMD3P7TQWNSE6BQ8,0x837725391726a7a118e9d9f41912510d8aa379e9dad6f24ffb4780342ac79c44,true,400000000
SP3CHC5CKZGPZ3W4Q4JASMM5ZSMD3P7TQWNSE6BQ8,0x856079a3ce68ee48e6657b5882b47b51840f4ae00f78d687eda888cf47ac9aa6,true,400000000
SP3CX9HWGVQY04FZBRM0XTD0XS4GN538STMKNZA2Z,0x90514790e7acee14f3fe116c0bf6ad49e79dc4d14803d7307a0f365f49db9b88,true,800000000
SP3CX9HWGVQY04FZBRM0XTD0XS4GN538STMKNZA2Z,0x23f9b8c8776facfc44e5063ac4f39b833c6bf5580e641a423de8ffe1d60d162d,true,800000000
SP3CXB2V4877VZ8EEXP5S33E4J9BGQ56RZZBCXG2V,0x8f77c924efb1ecc42089c0c95151ec0513e342e119857784a7264998410b03b1,true,520000000
SP3D13NFW5S678047DA79W7Z3WF5SQGFR2MG9Y3MA,0xa648308313cf034e7591d14ebb031e2f4b87ffa953eb01c3abffc327d5ce67c2,true,5411000000
SP3D13NFW5S678047DA79W7Z3WF5SQGFR2MG9Y3MA,0xc52eaec988504cfa74efb078c7e753bc2af18869302f852ad384390be414f74e,true,5411000000
SP3D1PM3QVCZAY7T5XC5R2C68VYYEE9C931YB22BY,0xf0b20984c1b479df2ae2a5bed077aa4db0f4c06ae2cdca89d63db53186759d89,true,32231053107
SP3DQTKT7V3SZVF8SGT1CG2JRAE93RYY9YB0HR8E5,0x0730ead7520f7aa4bbcd32e7945700f4e2eb06a99798a1315975db357cd3c77f,true,10000000000000
SP3EQVBNZF2PAX52NQP94P0S8BP81A7E0J1RFYMWW,0xbb7967a91d5a1b89c7c73fb5fcf98e8328b29877406ca5daade56751092833a1,true,1000000000
SP3EYRNMH9CK3PENY3VP0KM1C9XS22TAXQAVZHFGA,0xdbfef61571a7a9fb2c7aeef8061a10ad1196a3f73d6bf3168d8ded1054b3d9c5,true,1013000000
SP3F02J5A6XJEXAPS6S42V4KRGMFKRS17DPYX6NJX,0x8b95c350ad1cdd2ff25743c6e7b682374bccbb90ec66ad79438f73feaeb002fb,true,700000000
SP3F299JV1TJMCKTG0MTG2PKB246DF7FM03NSPHZR,0x024beb4c699905658bf45f729a4c1f984611db962699b63f2d99dc58ba2527df,true,10590000000
SP3FB63QC1E4EJ20MM5MP1DN21EE25WH1MND22FWV,0x285aa68dfc2d0178e53860c4f5938266f668be75acf2dffbb266e99cf8cf89c9,true,795000000
SP3FE7D3ZCFTKG7G51NQ5NB99KM9NQPWF2JMG6N8Q,0xd3f1f8c2ef58a1dd5f97c595cca9995b24bc7d7f9fa8b0015d70a9134b95d6c3,true,10149000000
SP3FE7D3ZCFTKG7G51NQ5NB99KM9NQPWF2JMG6N8Q,0x3dcb1071be44bc10adb53cc56dd96c81b2803b2b739e0a84c277da4ebfe5f9b3,true,10149000000
SP3FQA6S5WF255DC67DY85Y6H5FFPWNBSQRK0W7Y4,0xa3a2b4ddd2a3ea81f3133c24cf11bfc001ccbbe74a2b9998430fde5ae7aa8462,true,80000000000
SP3FYQYV42AV9E1NFTS85FJTAZY0VP97K6N2S8Z3V,0x14d1f9208eb2eb2ff3b74f8463e36ab031df7318eb2b14be515794a1f84bd167,true,1077000000
SP3H6R16MAKSNW2RSFK9DDXARCX2KWM78SES1QMJ4,0xaacf821853e3144fb18f685bc553262efb0c229dc65ebc85ea71098196f1f0c8,true,101000000
SP3HTFSS5Y0NX9ZHHE9MNSPAFA7EXTEPVB12PKP7C,0x85ade6f7270033b0627b095d8b9a7825673a857858f8f2d4c3817eaa0d928014,true,9155000000
SP3J09ZBRH8EJYEJATCV7E7BSYPE42KKNAGQW00EG,0x34f969e71496eeaae94f802ea172bfc516dee224a523617dd94d451dbf97463b,true,1000000000
SP3J7H167C2EMZNFTRTT5B1QWBFM5RT4DQ7VRM5NX,0xd916d52e6f4b9c50c3dafa4e7b2a8d86dc8bc42a9911126a0c0aef4c6accfe41,true,9800000000
SP3J9J71T02XB5C4PJJT3FZ1FASYJ4V8XMR6QY8D0,0x19d6bce826571898a1efc02bec8789ea8ebed9f7cfaa51b1af37ede1a949e32e,true,1615000000
SP3J9J71T02XB5C4PJJT3FZ1FASYJ4V8XMR6QY8D0,0x0c13d5403d85c7eeb56ed70cf78532dc23bf2d257199742e9ae8a5e4377b40a3,true,1615000000
SP3J9J71T02XB5C4PJJT3FZ1FASYJ4V8XMR6QY8D0,0x328fc5904f047507b83c3f98e2441006a869ea41767f1e48937ff43a5d0cd108,true,1615000000
SP3J9J71T02XB5C4PJJT3FZ1FASYJ4V8XMR6QY8D0,0xf2092f3c67210045965f45825165fc903222491cbf60b497f47b5ae25a27f0f0,true,1615000000
SP3JM5CAJFSWE7ZE92NJ1V1Q3HFMNMQWM3NABHW6V,0x96f732e21b4715364a134c6e2f549c266d2e1d7ce29efa20996b4df2c4bb42ac,true,3290000000
SP3JVRD6M1S38P3Z21X2YWJMV0EVS0A9JMB5N8GXV,0x006a19b2bbf16d8aa22bf794623a9498e9fe4338561f747c0fd0dabdc1c7cee6,true,101000000
SP3JYTEYFKCY12WTY7TNRCQ392D1WF0YTPV71P0EM,0xcf553ba98141a1a063a6224f840a4a369a6ec7c7249eb27cf3b469c4bd1f696e,true,20000000000
SP3K7W38JBHZQGDRV1Q073X82A72DC4T9MEYH58G,0x05748eba9370b33c16174261c0efdea34662cb4138d55e688a9beb65f9c52248,true,157000000000
SP3K8Y699438N2Y49X0SCDRR9C646A316NG2CCPKK,0x255a4df464d6dc2195738684f2bedda6be4f650882a3e25835668c58fff6cd8d,true,10000000000
SP3KR9SGTMN0DRN5WPNN3MEDS4Y6XR795GCGH466K,0x7cb68b29be0455fa9bf883411b22ce9813e9dd891d6ea995dea7c96a9002ef9e,true,200000000
SP3KRY7RCJSY58086B6XAPCE75DFKH07GH6YT8DAN,0x2224373fe2ff9a0c8833016f0cea1e2d8b16437e56b3cbcc16ff707e07cefd6f,true,1929478071
SP3MMFGNAWW26XQGZZ5Q48RD0JB1HR4PJ624SE3K7,0x70843289c1fe9539890c3c371d6316b005cdd515cba600ecce4f218ac6441562,true,300000000
SP3N07EVFQA5SHPY1MY0M0R0MK487F340WW43CPW0,0x0ace82e5ede09948c7c58223719fa21732eb860a750c8b93234c87683d65ebeb,true,3105000000
SP3N0TH3N7BDG4WBSYV6FE2ASSAPEGWK47EEWD9TV,0x54ce16a1abebbf74a5703f1f2aaf4a7a6e08dcb10b3a12f5a428525a1eaa8d96,true,1888000000
SP3N4KFBTZKKYRG5224SYR2AB49EV2Y1PQD8QNP1V,0x1d1015328f0154932258db472d2e721b2ea45bf29c64858f6e192f2b6bb969b8,true,500000000
SP3NGMD0EW5SXFYKTTF4HGS7KFNGMZZEYCNCE51Z,0x197e1fbb5d1ea6d83309d85539d58194749a313336a80dae67e954af1b16bbf9,true,448000000
SP3PA54HNBV5XG0TKQJKJGQNMJAB3X61K1S6S1WXB,0x0d2a22e3b76ec8f2fc329a13954953d067aad25c7bb0dc757629010283f045ad,true,300000000
SP3PC7G7R7DVBNTH5T8P7AS835WSTZBHNNQR8TPP0,0x6e0305639beb54de929c240a8b18896d99c4d08d881db3e441be091e0eb52604,true,182000000
SP3QD8N8G1BRZASW9ZEW5TBY7F115X4M2FM71K85,0xa3620974043db1ebb30acf4c25dabee9644d31836a5967648a9f6f0471eb225c,true,3100000000
SP3QM81F195W8ZAV7YMBADDJ30T3C8Y0941TTG9DC,0xbb5b251c37a53eb6812d762156d9444d7108f484935f080d627ac182bc674478,true,3900000000
SP3QW4704Q9C8VYNS7TCJSQTGZ27JQX90HSJEY7K7,0x06e846a56a2c03101876a9c528d6688b3e35a624ca66eb3934ab0c3973a27b78,true,48000000000
SP3R3BXRSNCCDBVXP8SV7EYDV6WTQY5WPA13BAB3W,0xae8aa09d3fdcb5841f6b7018af08d8d9b0706ada022b69565a734553005439fb,true,4321000000
SP3RKS4FD9PWZ0Q12P7W2YKM3455CF17XHA8XQDHH,0x07ec6c38516a06846bfdb492f4973a5c4822ac370cddf99b95a3d8da8b1639f5,true,350000000
SP3T1M18J3VX038KSYPP5G450WVWWG9F9G6GAZA4Q,0x23c15cda4c429858403546e03b146c7f88ec5f8eeffede38d86484dc622a07cd,true,700000000
SP3T29T20GSE1A90Q5D2MHQ74BF5266P3HTEDTQP,0xdbe59ae8c06ce4bac9af1d7191c60ed12c84b22304b871818004ee65446e4dab,true,12500000000
SP3T29T20GSE1A90Q5D2MHQ74BF5266P3HTEDTQP,0xfe07c2b60c96ab7011a1a9d7b513a8aeec565d46691cda9dc493710e86d2c7ea,true,12500000000
SP3TXK5XWA5KSA4DJ0XGBT01BWPAVSN5B80TQM1Z0,0x0a56c456fcd83807f72e841235c9d8f971a621da0276629f9d023269f53f9f1b,true,101000000
SP3V8T6SJT4EYJWRCQBP8MZZKD7J616MDYDGK4EME,0x9f2fefb5d80cd1c6a456b9b0894b1f2aa7a5723351378f13aa94b9ff6af96647,true,30083683504
SP3VCX5NFQ8VCHFS9M6N40ZJNVTRT4HZ62WFH5C4Q,0x633a4a62d17a5661e7ad2e750936022a499c9678e0a1da33a95ff6813e785990,true,500000000
SP3VQGWZPMWQMHC2CZACD9E2HNQSERYYWWGDED4PH,0xfc6ec16060cfa791492f48fa6fd0c9569fbe731ce1240f281d1d24089ccdf2e2,true,100000000
SP3VSH6NQX0N9Y1JFNFN4E3AG6HTP161CRW3XXD1B,0xfa026bb718a5a3bb03309fe6fc9da941195b69f3af0e1b21b47d90417271486b,true,4000000000
SP3W39ZXPNV0QZEFRTQ5VJ7JFNJNC61386QPZGP2A,0x164bb5bb3b863bd29f6fffaed60a3261f700403cf70aae4cc29dcf0d28c6b44f,true,14990000000
SP3W40MRS2BYEK9DEXAZQD5P08F4XR521621HMHTS,0xcf7e117e0bfbdf9d495d039c048d57beb83bd43be449ad71bf01aa8a130c2540,true,17100000000
SP3W83KG17KJZZXPDZQDTRQKQRGHNFZN410R9P02E,0x32d0a7a9c8f10ea855ff58d58e7697d5ad3be7dc7c08023c7707e9ecdc3061ef,true,500000000
SP3WK3ZTJ0GT56YK3W5DKHKVE6W862RFNM79SWK8H,0x58c8c1ee69ea9e3b46fed31669ac633fe78548e4a146b0d0ed95785d283fa29f,true,152000000000
SP3WV7W60ATCSRAY8941JT789A0DYVFQWNT1N6NYH,0x3f631907708af32239d7b8d407d2ee120163dd79bf28470573e39bd99505ea43,true,12989000000
SP3XFSS6D2FPECBVVT9Z0VD2ZNBB2MV9FR8JCD7EN,0xc8628c78e85e1c34a63c739e1343cb0b298f3e256aa8a26fa67bbc652c96d8fa,true,1500000000
SP3XMQEKKNW2TR5WRSMCQXEY4D5VKF090P3R228S1,0xb6d1f188397ae970d7be80803ab2daafcd04cbfa8fe9fa78802585efb5581954,true,625000000
SP3XMSJSV1TYRP69PAC0751P483QZ3E17R5GTV4CX,0x40b4d2b30a49f6754df46c62e8c87ce4bcb823d8cfea55d1086625e348f4fa01,true,30001000000
SP3XMSJSV1TYRP69PAC0751P483QZ3E17R5GTV4CX,0x29e4f61071e2b54bbc4eba1437ea475a54dfcd68155e827ae07d392e4be072fb,true,30001000000
SP3XSTBKYPMR0WRXD0JNXTMCTTD588C06VNCPET94,0x7e527f393ca40c6226d6b727cddd2f340b84053fa43356ef9d4e79b0c0c38b06,true,5755049643
SP3Y711W171S5WWHMBNX1SYA36FTT636AVB8T60ZH,0x993071a43e4499ad8253226a80ebb6b1d1aa9b55b5d469f71529a5942c27a078,true,3080000000
SP3Y808KQW24TXXVBQ4S71Z22KC93QJCTAJS35GH0,0xc7e7f1a2692f5cc8b540f44a48f022c4d0dcbd6f8b913160e708db0b64b67a01,true,410000000
SP3Z5KJ77VFVY3KBYXGPF5WPMJ7KPM8EPFF2EWNXF,0x0675e7405abb9ac48a3263ed945fe5ba71a244360130a1f420f63f5c37d21f04,true,8000000000
SP3ZN59XEFQ72D46128W2VWY0R3VWKMP1JJG8D93A,0xcb8dffcdffe4b62590bc864c2cd0d26510830de8feeb38fe8848c2ce67250a97,true,2100000000
SP3ZRRE4QQZHJHM9CEM4YBBVXX3SVSQ0D7W9DZZT7,0xa68033baa3b8d25ce333199dd0ecaf590b70f62000d42df557c6486e18b49353,true,101000000
SP3ZT0TW716R96W30955Y4S7Y5X8164GRP7FJ44D9,0x010b0551a890d571d00abc721f9e7c11bbeecba0514d004c1c77eb54c4dd267b,true,1830000000
SP3ZVY1FJED9TPJNE3TB0CSRT0131H1NQ6D32PKTJ,0xfe64bafe3edef3f6448f6acbd946a5c71be148d8820f9f1107685791faea1157,true,85000000000
SP42E2T2B761CK2ZQ5ES68ZHZFRYNJE9DJYHH3VJ,0x250b5b6521b4d85194acadaf90cb0042bd8b1f23dd0eb263b95d6c4c952f4ade,true,2215000000
SP45RYP4W83SMSCG5C7MZCM1EFVRJY4K6D0E05Z6,0x12efef0922136644242cf2bbfc8fb5aeb8f74db554f7a995394e2efed397888c,true,100000000
SP50TPPQRNBV22GWQSH30FY6MBXECTTPTXD5NKQB,0x0f30f49644ee1bd2bcefcff91d4f910888085c64ee28c8a494bdc14cfaaf4771,true,416370000
SP5AG622Z0CFDX6GS24TNC6MGBE70MN25GDG2EGT,0x0efe2663ae8e7c2eb115caf7d8d53484b576261c32cae4e1ad60f4f39b634701,true,185000000
SP6Q2HC6RDEB3KCR3EXK9VJJDMZ28S7JQH4J4SSS,0xc86dccba3836e1bdd63b79ff7b7999256c62cf6c15b0770e658329d9f39dd800,true,74000000000
SP720EHP1DZDS89CVR6817VFB3Y5RRW5T6C9ZMM9,0xf2538c318c7275bb75fdefe007697a250412c83d27d07a599a0441d8c5616d72,true,15875000000
SP76AR92VJANZX6FYE0VVNEVWG99QBPYMTT30B6Q,0x1b4cbde05936893b8b3b36bfd8792e57aecc4befa63506dac09801606a38cf9b,true,220000000
SP779SC9CDWQVMTRXT0HZCEHSDBXCHNGG7BC1H9B,0x0bbd563fa9c2d3dc990eaf598a1c6127a278bfb583ec123b9677632db16a266f,true,1200000000
SP779SC9CDWQVMTRXT0HZCEHSDBXCHNGG7BC1H9B,0x2f788cd68090697071fd607831122688c87fdd29c9bf3b32291ccdf45edfd3e9,true,1200000000
SP7NNFSTEVPMDS8NKRGFRTEQ79DMW8BJ98A20D50,0x1f0c11876c6a65fe9ea1b4289fde239414c66e30dd202a7a2b09a867ee8f2f13,true,50000000
SP7NNFSTEVPMDS8NKRGFRTEQ79DMW8BJ98A20D50,0x44230c8b6d22627011c47f150552272287f690822361a34913cd46dee19a2ad7,true,50000000
SP7NNFSTEVPMDS8NKRGFRTEQ79DMW8BJ98A20D50,0x03d9558f7b02bd7040527455640abbc0286ef54c3135a476f4040f671fb17f7f,true,50000000
SP82JBHR7F1CVKZQC52Q1FYG9KA83VV9W1N1RWGE,0x9c6e09a917d0e2623c0c8de928298a4f0888305c2983e4183680cace50d25e4a,true,100000000
SP8KEK2QRRPC371HWQE2SGVMY7ABK3YBNBGAK7MF,0x2cc232e5e42a2ffd4a9c4900dd17048ca8644f4853ba03871e1ede003782fd22,true,700000000
SP92Y7K97R51SMHDFY185NV8JNKGRHM214EHNF63,0x7bfeca6559af15861ee3fb66f5753379a8471b10d63c194ecb499284bc838370,true,60000000000
SP9CCHSTHY07ZJ5SDSQS3R45307EHSAWD3D4F7SK,0xe5b199a44ea49b25a08dfbb9818b9420383a7aff8bf9c01a7832c3bf36eb3c2b,true,17000000000
SPAAT93FM04KDZRVKH8A69N5RR94FRM1JDP4G0Z2,0xa8edd4223e488540856e45653a668874939acd999e05f8421e48ff18d14374ea,true,7328922324
SPACCQ8K3ZKXNAHTH14VEAFWY9E7BDP72DCNCZWP,0x988b3865222af5f781f0f7815025703ccb409385b118f84e98cd1ed21b13ac0f,true,100000000
SPACCQ8K3ZKXNAHTH14VEAFWY9E7BDP72DCNCZWP,0x2a427faf6667bd80c0ff36681d6e0770c9ca0e4e94490a4cd3278743088cc003,true,100000000
SPANQ23QZQTMJ2XBENFKFFZNM61X9W9KD3EEZXXA,0x31020a7c81d86dbc0f64f1605efb113b078adda72c550b8c183cda1bc0c054c5,true,6000000000
SPAWF43JT6FPEEV4D840G4FS2M0JFNCN63DT32S8,0xdffdd900166685838b893d3e6e7d48ae1f18f088986f7b4147989e43210db34f,true,677500000
SPBCJ0510WV9BJY4E7R3KPMQ8ZQFT1WQFBPPATCJ,0xedad383ea7aff5a2a6d354e54c98c3272b607f2f778b236080b06db442c058eb,true,1690000000
SPC9YQ34Q1XCCC7XPRZ5CB2XF22JV3WNM7BMMARD,0x35ab2ad6c2f2e8943cbd2b26196389f4e87f4a1a47ac52043b979cc017277d7a,true,27878882562
SPCD2AR1H94469WBXBS8PKPG2TQ34NGSFQ76VACC,0xb3a3061618135d6718834c7fb1cf8c79f96cf643e2874d809141c0f16919d291,true,310000000
SPDAV1G8FQ0TMEWKVE0A9WS8RNDJ7K808X2MY22E,0x7517ac2d710bdd51f2e71dd46b44e44b1533e9a6fcfa94a92e436bee18cea255,true,115000000
SPEWDG7509K43X4A13RCTYA3N9VSQCTSEG5TCM00,0x11dc6f2401c1347f1a915846aa11886c30d9bb5b590bea05a8f3e4bb6fad0ebd,true,13000000000
SPEXAF3YRNCR01Z4DFZ567Z0FB4RKPHM88DMKJSQ,0x0ea35dbd58024d206fc596202387e67a4cd7b81714564e57efe78db72ab74346,true,50000000
SPF5VC4PPKY9MYZMJEAXA5M9JWJQY9HBPKQVQTYV,0x1cd01187b32da2e861ef2231b8c0d4cba2cf2c623485bcdb3e37f4f7172bf5f9,true,90000000000
SPFEHCDHQEES03P1XF9YGMKZRB3MRCVT23PW1Q6K,0xbd775954d3cdfb36a6773bf8d91891693a5d8008c8cf69a7751b137e50ec1866,true,101000000
SPG34S51QV6YTZQGVRPZY9323MY4BTCFAFP1HR25,0xe307dcd92039aa4b837aec229a88126aae41c586c0235bf09948dfefd0075902,true,1022000000
SPGM4RBXP6GM6M2FDCPVZYCKPK1FXYH1767XR7FC,0x043580d17530339219cf560281db8525959583e88c78e257b008ac2b97956110,true,2000000000
SPGPEW77QJ7BN0E044XXNZ2WEMEXQYKME0EBN2XY,0xedd689d4b5dd1bae2699808d12e4f09f20f1c9feea30173156663203f5b64993,true,101000000
SPK74J69608GTG8J93CZY5Q67A6XZ86687GCZSWE,0xaf97d6e320d1fe84c335b8bc0828255a95481e8f6ddeb7eece8526e0214f1688,true,319737910201
SPKS1G7EQHP6FCFPFQW9S1913EAHHGHX0493F14V,0x98404b302a8fb4386a3f338a738808ef85c0cbb0eb56a52fd9a75a91d9be64d3,true,50050000000
SPMYFJTZ178TGZKFZACG8AREYAMYAX7C67A55KJ5,0x879a6816d29e02a27b7bb3c6ea2c211705bffc8165fd2a24d73b56bc93011415,true,3080000000
SPNFG66D0TYSES82P6WGXCXG6T8R45QDGVH5JKTC,0x4b84a0f3b8239e71e931c5288b4abfba933455d9d3ce565cb129019d44758e91,true,200000000
SPP08HY7YEXZJMG6421J21FA9TEJZXJD05DXB34D,0x78807773bb26c63feb0a721535843bd703f353757d59e7f6ada91211a70c6498,true,125000000
SPP08HY7YEXZJMG6421J21FA9TEJZXJD05DXB34D,0xc576257625e7d99e2e9030ba422d1249cd3b3e63f2976edd0a67e27922ed7d9e,true,125000000
SPQ2HN9TYF8ZYY9D3G45NGYA9GHA6QZHQ8AXF5QM,0x73693429915abf7f4abb641206f7f8ffa8cb7d737cc931600518791d922cab5e,true,25000000000
SPQ2HN9TYF8ZYY9D3G45NGYA9GHA6QZHQ8AXF5QM,0x2c9d778d3a25bdfe5715ad0003a1cedef633d5e1a82b6d6821e1fdcbe889e45f,true,25000000000
SPQAEDJAGGMB2JBECE5XD76KJ6RR8F4XJ4VVRJTB,0xdf7663d6d583069be0a4b488e8b3327a2a7a78318359bb60d84e056705c9e44a,true,11000000000
SPQGDR03N7JG8PHZRPNEJDFGMBYPZKK2T9QCEJPR,0xa626f085c90a77dfd7b9d3edc46c7ccad0713adb1227f72deb140d65b66dd0dc,true,8800000000
SPQWKZ3MZ8AWJF0J230JBWKF273S6WKH1WS17Y2B,0x6ccf401144db98b28e716aacbfcbe7559a86a605ac1d98996a6de7d4f740dfb1,true,6170000000
SPQZ94RC1JB4YQYDD17WSH397G83RP21G8Z9CHSM,0x2b2f1ab0e0a97cd0377d150d16f74f45edd67afbd44dfb172ec1e11c301c4fd2,true,45100000000
SPR066N9EPNPQ38XAT66V3WS452GKRRDJ3N5M9RS,0xbe44d232cbc6b764fd139a8627a1063f90715ae36245079cbe9a0158f9e36c56,true,100000000
SPRGATJNP7G9Z9Q4D90HHX98ZZ1Q236FTD8QYT8F,0xc3b44024c4060f1aab2019b4d71a19039b6311d8eccf581e36a3a19b91ff2713,true,100000000
SPRGATJNP7G9Z9Q4D90HHX98ZZ1Q236FTD8QYT8F,0x51b840e13320a6f799550f605cc4ffd6237bb2de2613d2effb02ff0fc8e34ce1,true,100000000
SPRQM6AQZ5STJRA8HV3HMQV5FSWCKGRW805VXB1H,0x2f06f847bf0e972f385ac562069f121ee2b5095ad7de08847da8ad63b25d398c,true,2000000000
SPSEX2VVQSDZYZ5CHBCZD0840S52PK5D0QPWPXC3,0x74d6ef488e9c612974f50fac4f25055132a802211c6b0d5b48e3ba107a049ce8,true,101000000
SPSYE0KJ6QC8MMBG8417Y11460X3X94A640CVH8W,0x514e2e5a02087bb0b31ed4283acbb0a3e28120689bf571463d464bf422b7d11e,true,299500000
SPT5HPEP03K1Z11PEDJZ2266SZGFX8QRBE51Y2B8,0xe9376f5e40d0e24aab38f1c55cfc8ee5eaeca3aa84e09cf296721414568a13d8,true,5400000000
SPTF7TRK58APKSPTRFK7N66RSCWE7MZ559A0A88J,0xbfb48879777ccccae38869bcee4d1a927035095cb7884cc71af8f850856a7209,true,150000000
SPTRD7N8CDE68Z2ATYEKAS6E7K40J8WMP3MNWX47,0xb3aee15dcbc72b91aa127d3d45262257f7c538eba46782a83924c3d2c3dd7875,true,125000000
SPTTV3T5PKYXT90XTKJ02WK0ZHN0GWTPFZXCG65Z,0x1f84083803a7a6f28df4916bd8f7afcea5906d16927980a6b5f15d743adb222b,true,9415000000
SPVVB6WRVE757VKEB2T0X5ZY4DMFJAX248XXQHHW,0x40b642b26f39f47e2b6f60f8d585995021036cdddb6e55f5e9ca6d44eb9052c6,true,2750000000
SPW4TAZXDKPT0NESWN7BFVSM6Z0TVNHAN2GAEW29,0x479f72ad885481de1c48ec17a9b50c5110e3c13940a5148e800c4122a00ee4f2,true,70000000000
SPW55TDQY2H8329B9AMPCVM0FW7R0RP9YZBHGE6E,0xeb775c960fddd4989967f932103ef36cedfae66a25c7a5d5476b086611936873,true,10000000000
SPWCA0NFQM564PHZANZN0NJH0PAKDE4KJ60ZQX57,0x39c18e5812be8b6e00608a7d41851fd5b62e0b9c8d82d11bb6c234b6373993fd,true,2200000000
SPWHS9SQ9YXWYNRCS6REAE8MAJG1HQ55PBS5XEFM,0x2e698f5e2bd0e54f78c2ceb3a57bd4c7444541e4da5b859ccad04598bc80b636,true,1045000000
SPWJ6W4173C5295EHCX5MBAZ3J6ZJ9P6YHETVHTJ,0x87240fb25dce05daface5b533a4ee25d99bef7b272de650acdea3d783a733511,true,15910000000
SPY998EE7E5RKEHC01DQ4EMCWX06VS2RVJ5N5CJ2,0x5f6302d1c0950ef836ff879430744006989cd047cc69c11feb12c256d526ebc3,true,60000000000
SPY9K49VE06A66ZXJ3S2ZMJXYJ8HQ08J4MAR4A3R,0x45b04ea6e2b2742b9546c8a900eae00914cbf8c12356b51fd094deaa5d8f8088,true,2100000000
SPY9VJ43775GEGGAY45VZQXHS1ZYBMD3AT1CN30Z,0x70d5b03f4d93b53b1494421aa4ea4bf3651c4c63c8d0f49b7e5b304c95cc4358,true,4810000000
SPZ8VST01S1TYM0AY3SK1EWTZ7W50DKMVF0BAGAR,0xc9326aab643076c003600c15fcdeb9ec897a8a0d7fd90d010195ea965409c5a3,true,5000000000
SPZJWNR0TQE9248EN22BEDYG9PYVWDNAQDZYPA5Y,0xdc74bb85a5ff978f8bd87bc0fa63b60c2313b1bd757c1aa804ec1a207f01c626,true,101000000
SPZN8R4FVC2PT34ARVZSBN4H45FKRSZD0DG2W29A,0xf558b68e05f4118390dc673d82201d737564d7f14c7eb899013b6713d1adb8fa,true,500000000